0,1
9606.ensp00000275493,0
9606.ensp00000433642,1
9606.ensp00000438615,2
9606.ensp00000363773,3
9606.ensp00000313967,4
9606.ensp00000363770,5
9606.ensp00000356946,6
9606.ensp00000385035,7
9606.ensp00000358165,8
9606.ensp00000271450,9
9606.ensp00000351497,10
9606.ensp00000359663,11
9606.ensp00000308938,12
9606.ensp00000339328,13
9606.ensp00000361850,14
9606.ensp00000220809,15
9606.ensp00000223095,16
9606.ensp00000364709,17
9606.ensp00000218099,18
9606.ensp00000261405,19
9606.ensp00000320866,20
9606.ensp00000247461,21
9606.ensp00000243077,22
9606.ensp00000245907,23
9606.ensp00000223642,24
9606.ensp00000303830,25
9606.ensp00000268035,26
9606.ensp00000306361,27
9606.ensp00000364731,28
9606.ensp00000233838,29
9606.ensp00000334145,30
9606.ensp00000410294,31
9606.ensp00000393312,32
9606.ensp00000339824,33
9606.ensp00000452786,34
9606.ensp00000353393,35
9606.ensp00000356771,36
9606.ensp00000308541,37
9606.ensp00000264613,38
9606.ensp00000265986,39
9606.ensp00000236671,40
9606.ensp00000269571,41
9606.ensp00000433277,42
9606.ensp00000419425,43
9606.ensp00000349252,44
9606.ensp00000384957,45
9606.ensp00000380227,46
9606.ensp00000478570,47
9606.ensp00000234111,48
9606.ensp00000399415,49
9606.ensp00000378408,50
9606.ensp00000302620,51
9606.ensp00000403644,52
9606.ensp00000355536,53
9606.ensp00000365777,54
9606.ensp00000236959,55
9606.ensp00000354511,56
9606.ensp00000320171,57
9606.ensp00000465734,58
9606.ensp00000261187,59
9606.ensp00000441065,60
9606.ensp00000370571,61
9606.ensp00000448059,62
9606.ensp00000303211,63
9606.ensp00000264381,64
9606.ensp00000407546,65
9606.ensp00000361471,66
9606.ensp00000376776,67
9606.ensp00000355601,68
9606.ensp00000264162,69
9606.ensp00000420194,70
9606.ensp00000358301,71
9606.ensp00000305372,72
9606.ensp00000333019,73
9606.ensp00000381057,74
9606.ensp00000261267,75
9606.ensp00000349446,76
9606.ensp00000264220,77
9606.ensp00000307900,78
9606.ensp00000362608,79
9606.ensp00000304229,80
9606.ensp00000286621,81
9606.ensp00000384763,82
9606.ensp00000459962,83
9606.ensp00000385523,84
9606.ensp00000447149,85
9606.ensp00000310928,86
9606.ensp00000287820,87
9606.ensp00000419692,88
9606.ensp00000325312,89
9606.ensp00000280612,90
9606.ensp00000428994,91
9606.ensp00000296526,92
9606.ensp00000481554,93
9606.ensp00000216951,94
9606.ensp00000311469,95
9606.ensp00000358851,96
9606.ensp00000381607,97
9606.ensp00000407375,98
9606.ensp00000362463,99
9606.ensp00000295256,100
9606.ensp00000420168,101
9606.ensp00000335620,102
9606.ensp00000285930,103
9606.ensp00000361405,104
9606.ensp00000337915,105
9606.ensp00000408695,106
9606.ensp00000264428,107
9606.ensp00000274093,108
9606.ensp00000411593,109
9606.ensp00000243389,110
9606.ensp00000302111,111
9606.ensp00000199936,112
9606.ensp00000296412,113
9606.ensp00000358421,114
9606.ensp00000370254,115
9606.ensp00000316786,116
9606.ensp00000466799,117
9606.ensp00000369822,118
9606.ensp00000263321,119
9606.ensp00000355995,120
9606.ensp00000396308,121
9606.ensp00000306606,122
9606.ensp00000311095,123
9606.ensp00000445175,124
9606.ensp00000426083,125
9606.ensp00000354687,126
9606.ensp00000229239,127
9606.ensp00000287936,128
9606.ensp00000369927,129
9606.ensp00000263368,130
9606.ensp00000370129,131
9606.ensp00000321584,132
9606.ensp00000216117,133
9606.ensp00000345096,134
9606.ensp00000356438,135
9606.ensp00000354612,136
9606.ensp00000255858,137
9606.ensp00000363512,138
9606.ensp00000478755,139
9606.ensp00000215812,140
9606.ensp00000305355,141
9606.ensp00000336528,142
9606.ensp00000447173,143
9606.ensp00000378426,144
9606.ensp00000234071,145
9606.ensp00000319788,146
9606.ensp00000361423,147
9606.ensp00000303960,148
9606.ensp00000373700,149
9606.ensp00000451828,150
9606.ensp00000281456,151
9606.ensp00000263817,152
9606.ensp00000478255,153
9606.ensp00000359478,154
9606.ensp00000205557,155
9606.ensp00000366084,156
9606.ensp00000382342,157
9606.ensp00000003084,158
9606.ensp00000217244,159
9606.ensp00000261707,160
9606.ensp00000262186,161
9606.ensp00000298472,162
9606.ensp00000270349,163
9606.ensp00000219833,164
9606.ensp00000368766,165
9606.ensp00000306662,166
9606.ensp00000280155,167
9606.ensp00000480573,168
9606.ensp00000386069,169
9606.ensp00000343782,170
9606.ensp00000354859,171
9606.ensp00000367309,172
9606.ensp00000340684,173
9606.ensp00000359285,174
9606.ensp00000357461,175
9606.ensp00000385026,176
9606.ensp00000315602,177
9606.ensp00000312663,178
9606.ensp00000250699,179
9606.ensp00000261751,180
9606.ensp00000379683,181
9606.ensp00000393097,182
9606.ensp00000421828,183
9606.ensp00000359337,184
9606.ensp00000264318,185
9606.ensp00000335592,186
9606.ensp00000274545,187
9606.ensp00000295454,188
9606.ensp00000274547,189
9606.ensp00000308725,190
9606.ensp00000367848,191
9606.ensp00000359353,192
9606.ensp00000295452,193
9606.ensp00000410732,194
9606.ensp00000479113,195
9606.ensp00000430100,196
9606.ensp00000469332,197
9606.ensp00000379563,198
9606.ensp00000394624,199
9606.ensp00000276198,200
9606.ensp00000265572,201
9606.ensp00000234961,202
9606.ensp00000255380,203
9606.ensp00000306490,204
9606.ensp00000377424,205
9606.ensp00000355904,206
9606.ensp00000384851,207
9606.ensp00000353720,208
9606.ensp00000356205,209
9606.ensp00000336630,210
9606.ensp00000352608,211
9606.ensp00000307259,212
9606.ensp00000388510,213
9606.ensp00000332296,214
9606.ensp00000352900,215
9606.ensp00000363817,216
9606.ensp00000254066,217
9606.ensp00000262623,218
9606.ensp00000379822,219
9606.ensp00000380247,220
9606.ensp00000363748,221
9606.ensp00000358963,222
9606.ensp00000322924,223
9606.ensp00000316244,224
9606.ensp00000307766,225
9606.ensp00000258400,226
9606.ensp00000337949,227
9606.ensp00000376432,228
9606.ensp00000430432,229
9606.ensp00000262888,230
9606.ensp00000371985,231
9606.ensp00000421326,232
9606.ensp00000412673,233
9606.ensp00000386029,234
9606.ensp00000481321,235
9606.ensp00000300738,236
9606.ensp00000354532,237
9606.ensp00000266376,238
9606.ensp00000288139,239
9606.ensp00000365441,240
9606.ensp00000355192,241
9606.ensp00000377840,242
9606.ensp00000320025,243
9606.ensp00000301050,244
9606.ensp00000438949,245
9606.ensp00000430684,246
9606.ensp00000225275,247
9606.ensp00000377353,248
9606.ensp00000306129,249
9606.ensp00000437737,250
9606.ensp00000373169,251
9606.ensp00000176183,252
9606.ensp00000347754,253
9606.ensp00000289753,254
9606.ensp00000399745,255
9606.ensp00000409378,256
9606.ensp00000372750,257
9606.ensp00000410257,258
9606.ensp00000303540,259
9606.ensp00000283254,260
9606.ensp00000405330,261
9606.ensp00000343925,262
9606.ensp00000399968,263
9606.ensp00000363822,264
9606.ensp00000369816,265
9606.ensp00000003100,266
9606.ensp00000349320,267
9606.ensp00000334198,268
9606.ensp00000418081,269
9606.ensp00000285379,270
9606.ensp00000300900,271
9606.ensp00000430656,272
9606.ensp00000285381,273
9606.ensp00000419422,274
9606.ensp00000355759,275
9606.ensp00000264637,276
9606.ensp00000379904,277
9606.ensp00000394936,278
9606.ensp00000390600,279
9606.ensp00000386306,280
9606.ensp00000396320,281
9606.ensp00000259396,282
9606.ensp00000325120,283
9606.ensp00000226021,284
9606.ensp00000345708,285
9606.ensp00000345659,286
9606.ensp00000364586,287
9606.ensp00000243167,288
9606.ensp00000431418,289
9606.ensp00000366506,290
9606.ensp00000256906,291
9606.ensp00000277010,292
9606.ensp00000332812,293
9606.ensp00000242057,294
9606.ensp00000352011,295
9606.ensp00000286628,296
9606.ensp00000251595,297
9606.ensp00000264498,298
9606.ensp00000306099,299
9606.ensp00000274192,300
9606.ensp00000360423,301
9606.ensp00000340409,302
9606.ensp00000353362,303
9606.ensp00000385019,304
9606.ensp00000445306,305
9606.ensp00000350815,306
9606.ensp00000231509,307
9606.ensp00000261937,308
9606.ensp00000251849,309
9606.ensp00000263923,310
9606.ensp00000288602,311
9606.ensp00000241453,312
9606.ensp00000261799,313
9606.ensp00000288135,314
9606.ensp00000347942,315
9606.ensp00000282397,316
9606.ensp00000365686,317
9606.ensp00000417085,318
9606.ensp00000369375,319
9606.ensp00000477587,320
9606.ensp00000315644,321
9606.ensp00000402152,322
9606.ensp00000368727,323
9606.ensp00000360939,324
9606.ensp00000411532,325
9606.ensp00000358513,326
9606.ensp00000363596,327
9606.ensp00000478492,328
9606.ensp00000344220,329
9606.ensp00000384881,330
9606.ensp00000237612,331
9606.ensp00000367102,332
9606.ensp00000337335,333
9606.ensp00000301891,334
9606.ensp00000361666,335
9606.ensp00000295897,336
9606.ensp00000318820,337
9606.ensp00000323929,338
9606.ensp00000385834,339
9606.ensp00000301071,340
9606.ensp00000339001,341
9606.ensp00000248437,342
9606.ensp00000367608,343
9606.ensp00000245407,344
9606.ensp00000200652,345
9606.ensp00000290866,346
9606.ensp00000356436,347
9606.ensp00000366109,348
9606.ensp00000296511,349
9606.ensp00000353915,350
9606.ensp00000263025,351
9606.ensp00000352584,352
9606.ensp00000280097,353
9606.ensp00000335153,354
9606.ensp00000299767,355
9606.ensp00000286301,356
9606.ensp00000257290,357
9606.ensp00000303522,358
9606.ensp00000396704,359
9606.ensp00000360522,360
9606.ensp00000224356,361
9606.ensp00000354522,362
9606.ensp00000291700,363
9606.ensp00000357688,364
9606.ensp00000357697,365
9606.ensp00000292513,366
9606.ensp00000380281,367
9606.ensp00000354632,368
9606.ensp00000355231,369
9606.ensp00000322788,370
9606.ensp00000219070,371
9606.ensp00000299855,372
9606.ensp00000236826,373
9606.ensp00000458585,374
9606.ensp00000260302,375
9606.ensp00000312286,376
9606.ensp00000323926,377
9606.ensp00000262209,378
9606.ensp00000301365,379
9606.ensp00000356959,380
9606.ensp00000226730,381
9606.ensp00000265896,382
9606.ensp00000383003,383
9606.ensp00000354558,384
9606.ensp00000350024,385
9606.ensp00000406050,386
9606.ensp00000260191,387
9606.ensp00000371929,388
9606.ensp00000322617,389
9606.ensp00000349003,390
9606.ensp00000315011,391
9606.ensp00000269305,392
9606.ensp00000358983,393
9606.ensp00000226574,394
9606.ensp00000360317,395
9606.ensp00000342007,396
9606.ensp00000360372,397
9606.ensp00000361965,398
9606.ensp00000265421,399
9606.ensp00000270142,400
9606.ensp00000298556,401
9606.ensp00000366233,402
9606.ensp00000259455,403
9606.ensp00000240662,404
9606.ensp00000263341,405
9606.ensp00000433138,406
9606.ensp00000311032,407
9606.ensp00000307786,408
9606.ensp00000352516,409
9606.ensp00000256958,410
9606.ensp00000305974,411
9606.ensp00000261196,412
9606.ensp00000289575,413
9606.ensp00000381185,414
9606.ensp00000357712,415
9606.ensp00000215832,416
9606.ensp00000353731,417
9606.ensp00000291294,418
9606.ensp00000356671,419
9606.ensp00000480791,420
9606.ensp00000296271,421
9606.ensp00000359793,422
9606.ensp00000362649,423
9606.ensp00000363089,424
9606.ensp00000228740,425
9606.ensp00000216629,426
9606.ensp00000241052,427
9606.ensp00000217133,428
9606.ensp00000362680,429
9606.ensp00000337825,430
9606.ensp00000483570,431
9606.ensp00000350896,432
9606.ensp00000428924,433
9606.ensp00000229795,434
9606.ensp00000229135,435
9606.ensp00000222381,436
9606.ensp00000264933,437
9606.ensp00000226413,438
9606.ensp00000353224,439
9606.ensp00000362674,440
9606.ensp00000307199,441
9606.ensp00000273550,442
9606.ensp00000305480,443
9606.ensp00000347170,444
9606.ensp00000284503,445
9606.ensp00000378669,446
9606.ensp00000339063,447
9606.ensp00000337060,448
9606.ensp00000327801,449
9606.ensp00000262746,450
9606.ensp00000229270,451
9606.ensp00000245185,452
9606.ensp00000264606,453
9606.ensp00000478425,454
9606.ensp00000255040,455
9606.ensp00000457539,456
9606.ensp00000416561,457
9606.ensp00000253496,458
9606.ensp00000356382,459
9606.ensp00000333994,460
9606.ensp00000264690,461
9606.ensp00000416066,462
9606.ensp00000342850,463
9606.ensp00000215727,464
9606.ensp00000237014,465
9606.ensp00000385216,466
9606.ensp00000478561,467
9606.ensp00000291442,468
9606.ensp00000222002,469
9606.ensp00000269582,470
9606.ensp00000378972,471
9606.ensp00000320295,472
9606.ensp00000386284,473
9606.ensp00000288022,474
9606.ensp00000324806,475
9606.ensp00000266970,476
9606.ensp00000364907,477
9606.ensp00000356070,478
9606.ensp00000419782,479
9606.ensp00000378699,480
9606.ensp00000356198,481
9606.ensp00000349687,482
9606.ensp00000217426,483
9606.ensp00000485444,484
9606.ensp00000369050,485
9606.ensp00000223366,486
9606.ensp00000402103,487
9606.ensp00000330484,488
9606.ensp00000481450,489
9606.ensp00000354610,490
9606.ensp00000380489,491
9606.ensp00000354499,492
9606.ensp00000354876,493
9606.ensp00000358223,494
9606.ensp00000216911,495
9606.ensp00000309591,496
9606.ensp00000346001,497
9606.ensp00000011292,498
9606.ensp00000290349,499
9606.ensp00000231751,500
9606.ensp00000265769,501
9606.ensp00000354280,502
9606.ensp00000308720,503
9606.ensp00000301420,504
9606.ensp00000359211,505
9606.ensp00000419970,506
9606.ensp00000228476,507
9606.ensp00000368066,508
9606.ensp00000483018,509
9606.ensp00000483375,510
9606.ensp00000377192,511
9606.ensp00000361140,512
9606.ensp00000265734,513
9606.ensp00000257904,514
9606.ensp00000360683,515
9606.ensp00000363079,516
9606.ensp00000317842,517
9606.ensp00000440005,518
9606.ensp00000215754,519
9606.ensp00000417222,520
9606.ensp00000307940,521
9606.ensp00000352157,522
9606.ensp00000304802,523
9606.ensp00000470298,524
9606.ensp00000306920,525
9606.ensp00000346768,526
9606.ensp00000364257,527
9606.ensp00000384708,528
9606.ensp00000334061,529
9606.ensp00000302486,530
9606.ensp00000361548,531
9606.ensp00000388648,532
9606.ensp00000253727,533
9606.ensp00000477707,534
9606.ensp00000303423,535
9606.ensp00000246166,536
9606.ensp00000349078,537
9606.ensp00000282841,538
9606.ensp00000379696,539
9606.ensp00000354554,540
9606.ensp00000367939,541
9606.ensp00000467262,542
9606.ensp00000430494,543
9606.ensp00000332887,544
9606.ensp00000317272,545
9606.ensp00000343204,546
9606.ensp00000371067,547
9606.ensp00000282249,548
9606.ensp00000350198,549
9606.ensp00000293897,550
9606.ensp00000405573,551
9606.ensp00000329374,552
9606.ensp00000385675,553
9606.ensp00000360609,554
9606.ensp00000394227,555
9606.ensp00000264870,556
9606.ensp00000273398,557
9606.ensp00000333926,558
9606.ensp00000222382,559
9606.ensp00000222982,560
9606.ensp00000480571,561
9606.ensp00000440689,562
9606.ensp00000260682,563
9606.ensp00000353820,564
9606.ensp00000304845,565
9606.ensp00000357981,566
9606.ensp00000364133,567
9606.ensp00000402084,568
9606.ensp00000300093,569
9606.ensp00000362353,570
9606.ensp00000260116,571
9606.ensp00000285979,572
9606.ensp00000363832,573
9606.ensp00000360247,574
9606.ensp00000324648,575
9606.ensp00000301141,576
9606.ensp00000332679,577
9606.ensp00000341045,578
9606.ensp00000418532,579
9606.ensp00000362508,580
9606.ensp00000303174,581
9606.ensp00000343838,582
9606.ensp00000304811,583
9606.ensp00000286648,584
9606.ensp00000356729,585
9606.ensp00000286479,586
9606.ensp00000305221,587
9606.ensp00000379038,588
9606.ensp00000312304,589
9606.ensp00000364212,590
9606.ensp00000481732,591
9606.ensp00000221700,592
9606.ensp00000418525,593
9606.ensp00000285238,594
9606.ensp00000245312,595
9606.ensp00000216540,596
9606.ensp00000361608,597
9606.ensp00000357844,598
9606.ensp00000311291,599
9606.ensp00000355920,600
9606.ensp00000355930,601
9606.ensp00000275300,602
9606.ensp00000378230,603
9606.ensp00000365413,604
9606.ensp00000444149,605
9606.ensp00000309741,606
9606.ensp00000217159,607
9606.ensp00000261622,608
9606.ensp00000320634,609
9606.ensp00000270570,610
9606.ensp00000326671,611
9606.ensp00000366525,612
9606.ensp00000284981,613
9606.ensp00000266732,614
9606.ensp00000363524,615
9606.ensp00000370109,616
9606.ensp00000356379,617
9606.ensp00000300403,618
9606.ensp00000264638,619
9606.ensp00000306185,620
9606.ensp00000438483,621
9606.ensp00000340243,622
9606.ensp00000317891,623
9606.ensp00000253778,624
9606.ensp00000479153,625
9606.ensp00000296721,626
9606.ensp00000256442,627
9606.ensp00000261601,628
9606.ensp00000328352,629
9606.ensp00000264156,630
9606.ensp00000217456,631
9606.ensp00000353344,632
9606.ensp00000253462,633
9606.ensp00000343690,634
9606.ensp00000244763,635
9606.ensp00000355506,636
9606.ensp00000262460,637
9606.ensp00000240423,638
9606.ensp00000353770,639
9606.ensp00000368710,640
9606.ensp00000258772,641
9606.ensp00000000412,642
9606.ensp00000211998,643
9606.ensp00000364802,644
9606.ensp00000344635,645
9606.ensp00000263556,646
9606.ensp00000226253,647
9606.ensp00000453403,648
9606.ensp00000378356,649
9606.ensp00000349961,650
9606.ensp00000234091,651
9606.ensp00000361540,652
9606.ensp00000209728,653
9606.ensp00000433681,654
9606.ensp00000315659,655
9606.ensp00000358064,656
9606.ensp00000369292,657
9606.ensp00000326759,658
9606.ensp00000342513,659
9606.ensp00000392025,660
9606.ensp00000262738,661
9606.ensp00000361824,662
9606.ensp00000376436,663
9606.ensp00000282561,664
9606.ensp00000270861,665
9606.ensp00000359305,666
9606.ensp00000422431,667
9606.ensp00000363763,668
9606.ensp00000295006,669
9606.ensp00000375778,670
9606.ensp00000376272,671
9606.ensp00000250092,672
9606.ensp00000418735,673
9606.ensp00000286371,674
9606.ensp00000392043,675
9606.ensp00000329468,676
9606.ensp00000216367,677
9606.ensp00000192788,678
9606.ensp00000321239,679
9606.ensp00000270776,680
9606.ensp00000264057,681
9606.ensp00000263795,682
9606.ensp00000276431,683
9606.ensp00000463978,684
9606.ensp00000262713,685
9606.ensp00000253063,686
9606.ensp00000256495,687
9606.ensp00000420612,688
9606.ensp00000264775,689
9606.ensp00000355866,690
9606.ensp00000225831,691
9606.ensp00000242208,692
9606.ensp00000409131,693
9606.ensp00000355968,694
9606.ensp00000265000,695
9606.ensp00000370377,696
9606.ensp00000345083,697
9606.ensp00000356399,698
9606.ensp00000300870,699
9606.ensp00000312150,700
9606.ensp00000227266,701
9606.ensp00000331944,702
9606.ensp00000404079,703
9606.ensp00000262424,704
9606.ensp00000360305,705
9606.ensp00000314067,706
9606.ensp00000262094,707
9606.ensp00000261407,708
9606.ensp00000357453,709
9606.ensp00000307046,710
9606.ensp00000410833,711
9606.ensp00000434516,712
9606.ensp00000361151,713
9606.ensp00000261416,714
9606.ensp00000340427,715
9606.ensp00000363590,716
9606.ensp00000311502,717
9606.ensp00000263035,718
9606.ensp00000312734,719
9606.ensp00000354837,720
9606.ensp00000228872,721
9606.ensp00000480890,722
9606.ensp00000355996,723
9606.ensp00000378965,724
9606.ensp00000370376,725
9606.ensp00000297350,726
9606.ensp00000206423,727
9606.ensp00000441831,728
9606.ensp00000296591,729
9606.ensp00000253792,730
9606.ensp00000385083,731
9606.ensp00000258499,732
9606.ensp00000433352,733
9606.ensp00000421981,734
9606.ensp00000286614,735
9606.ensp00000362563,736
9606.ensp00000393762,737
9606.ensp00000359719,738
9606.ensp00000420616,739
9606.ensp00000429089,740
9606.ensp00000340944,741
9606.ensp00000365505,742
9606.ensp00000453076,743
9606.ensp00000256637,744
9606.ensp00000378177,745
9606.ensp00000383333,746
9606.ensp00000332663,747
9606.ensp00000365720,748
9606.ensp00000269466,749
9606.ensp00000402373,750
9606.ensp00000254101,751
9606.ensp00000209875,752
9606.ensp00000436152,753
9606.ensp00000260128,754
9606.ensp00000342858,755
9606.ensp00000290551,756
9606.ensp00000367762,757
9606.ensp00000315743,758
9606.ensp00000238994,759
9606.ensp00000266682,760
9606.ensp00000316729,761
9606.ensp00000406933,762
9606.ensp00000437955,763
9606.ensp00000386884,764
9606.ensp00000341208,765
9606.ensp00000344215,766
9606.ensp00000261769,767
9606.ensp00000333633,768
9606.ensp00000382800,769
9606.ensp00000354207,770
9606.ensp00000454157,771
9606.ensp00000379065,772
9606.ensp00000267287,773
9606.ensp00000302456,774
9606.ensp00000387699,775
9606.ensp00000254958,776
9606.ensp00000318585,777
9606.ensp00000228682,778
9606.ensp00000400175,779
9606.ensp00000353654,780
9606.ensp00000225964,781
9606.ensp00000437621,782
9606.ensp00000399888,783
9606.ensp00000261254,784
9606.ensp00000274026,785
9606.ensp00000313950,786
9606.ensp00000479618,787
9606.ensp00000355249,788
9606.ensp00000340874,789
9606.ensp00000410452,790
9606.ensp00000376943,791
9606.ensp00000320147,792
9606.ensp00000343619,793
9606.ensp00000353826,794
9606.ensp00000303706,795
9606.ensp00000361708,796
9606.ensp00000227507,797
9606.ensp00000345571,798
9606.ensp00000363708,799
9606.ensp00000369887,800
9606.ensp00000272369,801
9606.ensp00000365851,802
9606.ensp00000232424,803
9606.ensp00000262904,804
9606.ensp00000384625,805
9606.ensp00000269216,806
9606.ensp00000370408,807
9606.ensp00000262643,808
9606.ensp00000284523,809
9606.ensp00000339992,810
9606.ensp00000356426,811
9606.ensp00000362981,812
9606.ensp00000357625,813
9606.ensp00000366915,814
9606.ensp00000323588,815
9606.ensp00000363804,816
9606.ensp00000256078,817
9606.ensp00000354487,818
9606.ensp00000383118,819
9606.ensp00000212015,820
9606.ensp00000299084,821
9606.ensp00000414303,822
9606.ensp00000265354,823
9606.ensp00000325546,824
9606.ensp00000281043,825
9606.ensp00000244769,826
9606.ensp00000375892,827
9606.ensp00000484824,828
9606.ensp00000385824,829
9606.ensp00000395535,830
9606.ensp00000308970,831
9606.ensp00000260010,832
9606.ensp00000329418,833
9606.ensp00000358994,834
9606.ensp00000325074,835
9606.ensp00000372035,836
9606.ensp00000317985,837
9606.ensp00000285735,838
9606.ensp00000361021,839
9606.ensp00000249373,840
9606.ensp00000353864,841
9606.ensp00000367202,842
9606.ensp00000354394,843
9606.ensp00000266085,844
9606.ensp00000384371,845
9606.ensp00000362300,846
9606.ensp00000354916,847
9606.ensp00000348461,848
9606.ensp00000263388,849
9606.ensp00000278568,850
9606.ensp00000366306,851
9606.ensp00000358997,852
9606.ensp00000264709,853
9606.ensp00000413720,854
9606.ensp00000356480,855
9606.ensp00000304895,856
9606.ensp00000304408,857
9606.ensp00000362082,858
9606.ensp00000382697,859
9606.ensp00000348455,860
9606.ensp00000328547,861
9606.ensp00000398273,862
9606.ensp00000441954,863
9606.ensp00000354686,864
9606.ensp00000398632,865
9606.ensp00000249075,866
9606.ensp00000484803,867
9606.ensp00000263056,868
9606.ensp00000250405,869
9606.ensp00000368880,870
9606.ensp00000362410,871
9606.ensp00000344456,872
9606.ensp00000351905,873
9606.ensp00000376345,874
9606.ensp00000306245,875
9606.ensp00000293549,876
9606.ensp00000302625,877
9606.ensp00000332706,878
9606.ensp00000373918,879
9606.ensp00000305422,880
9606.ensp00000290341,881
9606.ensp00000366243,882
9606.ensp00000260356,883
9606.ensp00000398736,884
9606.ensp00000277541,885
9606.ensp00000379140,886
9606.ensp00000304226,887
9606.ensp00000295633,888
9606.ensp00000365730,889
9606.ensp00000267163,890
9606.ensp00000302665,891
9606.ensp00000358548,892
9606.ensp00000369497,893
9606.ensp00000418960,894
9606.ensp00000376611,895
9606.ensp00000231061,896
9606.ensp00000258341,897
9606.ensp00000364979,898
9606.ensp00000358092,899
9606.ensp00000239151,900
9606.ensp00000330237,901
9606.ensp00000295600,902
9606.ensp00000250448,903
9606.ensp00000370340,904
9606.ensp00000355896,905
9606.ensp00000282382,906
9606.ensp00000448165,907
9606.ensp00000244745,908
9606.ensp00000358022,909
9606.ensp00000370936,910
9606.ensp00000479617,911
9606.ensp00000356954,912
9606.ensp00000380034,913
9606.ensp00000339191,914
9606.ensp00000379350,915
9606.ensp00000325240,916
9606.ensp00000267101,917
9606.ensp00000264144,918
9606.ensp00000308741,919
9606.ensp00000271555,920
9606.ensp00000293379,921
9606.ensp00000280154,922
9606.ensp00000338523,923
9606.ensp00000263826,924
9606.ensp00000379644,925
9606.ensp00000256646,926
9606.ensp00000278616,927
9606.ensp00000242480,928
9606.ensp00000306253,929
9606.ensp00000274376,930
9606.ensp00000394560,931
9606.ensp00000312999,932
9606.ensp00000398124,933
9606.ensp00000348056,934
9606.ensp00000312987,935
9606.ensp00000285311,936
9606.ensp00000404503,937
9606.ensp00000342235,938
9606.ensp00000344479,939
9606.ensp00000371798,940
9606.ensp00000372221,941
9606.ensp00000363081,942
9606.ensp00000355925,943
9606.ensp00000363868,944
9606.ensp00000363314,945
9606.ensp00000300305,946
9606.ensp00000341551,947
9606.ensp00000365016,948
9606.ensp00000325527,949
9606.ensp00000344401,950
9606.ensp00000329797,951
9606.ensp00000360231,952
9606.ensp00000346839,953
9606.ensp00000309572,954
9606.ensp00000341189,955
9606.ensp00000264832,956
9606.ensp00000306682,957
9606.ensp00000262238,958
9606.ensp00000428056,959
9606.ensp00000222573,960
9606.ensp00000305988,961
9606.ensp00000302564,962
9606.ensp00000361066,963
9606.ensp00000263754,964
9606.ensp00000437256,965
9606.ensp00000418915,966
9606.ensp00000356150,967
9606.ensp00000232496,968
9606.ensp00000368683,969
9606.ensp00000216037,970
9606.ensp00000407586,971
9606.ensp00000391826,972
9606.ensp00000327513,973
9606.ensp00000384179,974
9606.ensp00000244050,975
9606.ensp00000360493,976
9606.ensp00000446007,977
9606.ensp00000281708,978
9606.ensp00000376808,979
9606.ensp00000283921,980
9606.ensp00000418268,981
9606.ensp00000392495,982
9606.ensp00000260408,983
9606.ensp00000457593,984
9606.ensp00000264657,985
9606.ensp00000330341,986
9606.ensp00000449428,987
9606.ensp00000301633,988
9606.ensp00000385269,989
9606.ensp00000425561,990
9606.ensp00000351015,991
9606.ensp00000359206,992
9606.ensp00000357470,993
9606.ensp00000359424,994
9606.ensp00000462521,995
9606.ensp00000286827,996
9606.ensp00000478927,997
9606.ensp00000347979,998
9606.ensp00000341292,999
9606.ensp00000265085,1000
9606.ensp00000451263,1001
9606.ensp00000357668,1002
9606.ensp00000286201,1003
9606.ensp00000331736,1004
9606.ensp00000432770,1005
9606.ensp00000243349,1006
9606.ensp00000312318,1007
9606.ensp00000264563,1008
9606.ensp00000262133,1009
9606.ensp00000262160,1010
9606.ensp00000269141,1011
9606.ensp00000221930,1012
9606.ensp00000338235,1013
9606.ensp00000481570,1014
9606.ensp00000296782,1015
9606.ensp00000354952,1016
9606.ensp00000346300,1017
9606.ensp00000262768,1018
9606.ensp00000360266,1019
9606.ensp00000229307,1020
9606.ensp00000344115,1021
9606.ensp00000360242,1022
9606.ensp00000264867,1023
9606.ensp00000322804,1024
9606.ensp00000313581,1025
9606.ensp00000340361,1026
9606.ensp00000353408,1027
9606.ensp00000239938,1028
9606.ensp00000464006,1029
9606.ensp00000252804,1030
9606.ensp00000401112,1031
9606.ensp00000258149,1032
9606.ensp00000218388,1033
9606.ensp00000355094,1034
9606.ensp00000384018,1035
9606.ensp00000171111,1036
9606.ensp00000242261,1037
9606.ensp00000372088,1038
9606.ensp00000398698,1039
9606.ensp00000367817,1040
9606.ensp00000352121,1041
9606.ensp00000263967,1042
9606.ensp00000381034,1043
9606.ensp00000264444,1044
9606.ensp00000366330,1045
9606.ensp00000384545,1046
9606.ensp00000271688,1047
9606.ensp00000404100,1048
9606.ensp00000419923,1049
9606.ensp00000263640,1050
9606.ensp00000342307,1051
9606.ensp00000256474,1052
9606.ensp00000220592,1053
9606.ensp00000256509,1054
9606.ensp00000368215,1055
9606.ensp00000263253,1056
9606.ensp00000245479,1057
9606.ensp00000435373,1058
9606.ensp00000316578,1059
9606.ensp00000262158,1060
9606.ensp00000345347,1061
9606.ensp00000297494,1062
9606.ensp00000362588,1063
9606.ensp00000366482,1064
9606.ensp00000260227,1065
9606.ensp00000332973,1066
9606.ensp00000242576,1067
9606.ensp00000370593,1068
9606.ensp00000290246,1069
9606.ensp00000426632,1070
9606.ensp00000401303,1071
9606.ensp00000262719,1072
9606.ensp00000307858,1073
9606.ensp00000358327,1074
9606.ensp00000359890,1075
9606.ensp00000308208,1076
9606.ensp00000380565,1077
9606.ensp00000217233,1078
9606.ensp00000425107,1079
9606.ensp00000265165,1080
9606.ensp00000268802,1081
9606.ensp00000457991,1082
9606.ensp00000225577,1083
9606.ensp00000386759,1084
9606.ensp00000261183,1085
9606.ensp00000263409,1086
9606.ensp00000336740,1087
9606.ensp00000261349,1088
9606.ensp00000300134,1089
9606.ensp00000365280,1090
9606.ensp00000263620,1091
9606.ensp00000331152,1092
9606.ensp00000304592,1093
9606.ensp00000376457,1094
9606.ensp00000274255,1095
9606.ensp00000358072,1096
9606.ensp00000442788,1097
9606.ensp00000280904,1098
9606.ensp00000256015,1099
9606.ensp00000382004,1100
9606.ensp00000434412,1101
9606.ensp00000343658,1102
9606.ensp00000379601,1103
9606.ensp00000265371,1104
9606.ensp00000485396,1105
9606.ensp00000480987,1106
9606.ensp00000419465,1107
9606.ensp00000410402,1108
9606.ensp00000306512,1109
9606.ensp00000483059,1110
9606.ensp00000250559,1111
9606.ensp00000300658,1112
9606.ensp00000361087,1113
9606.ensp00000234739,1114
9606.ensp00000411197,1115
9606.ensp00000220772,1116
9606.ensp00000283632,1117
9606.ensp00000264634,1118
9606.ensp00000360718,1119
9606.ensp00000417610,1120
9606.ensp00000384491,1121
9606.ensp00000454071,1122
9606.ensp00000386896,1123
9606.ensp00000356840,1124
9606.ensp00000351273,1125
9606.ensp00000296839,1126
9606.ensp00000216797,1127
9606.ensp00000359393,1128
9606.ensp00000350359,1129
9606.ensp00000364000,1130
9606.ensp00000231004,1131
9606.ensp00000293288,1132
9606.ensp00000379092,1133
9606.ensp00000433001,1134
9606.ensp00000265970,1135
9606.ensp00000370989,1136
9606.ensp00000356530,1137
9606.ensp00000434034,1138
9606.ensp00000300589,1139
9606.ensp00000382423,1140
9606.ensp00000262013,1141
9606.ensp00000356621,1142
9606.ensp00000263934,1143
9606.ensp00000263102,1144
9606.ensp00000300035,1145
9606.ensp00000233156,1146
9606.ensp00000276297,1147
9606.ensp00000409007,1148
9606.ensp00000007722,1149
9606.ensp00000194530,1150
9606.ensp00000357907,1151
9606.ensp00000344352,1152
9606.ensp00000350491,1153
9606.ensp00000319501,1154
9606.ensp00000261875,1155
9606.ensp00000359799,1156
9606.ensp00000350719,1157
9606.ensp00000429168,1158
9606.ensp00000419045,1159
9606.ensp00000354927,1160
9606.ensp00000302716,1161
9606.ensp00000246229,1162
9606.ensp00000256951,1163
9606.ensp00000356071,1164
9606.ensp00000358062,1165
9606.ensp00000417038,1166
9606.ensp00000261369,1167
9606.ensp00000379845,1168
9606.ensp00000265838,1169
9606.ensp00000355645,1170
9606.ensp00000349960,1171
9606.ensp00000290378,1172
9606.ensp00000458162,1173
9606.ensp00000419361,1174
9606.ensp00000436607,1175
9606.ensp00000312262,1176
9606.ensp00000364210,1177
9606.ensp00000324292,1178
9606.ensp00000297785,1179
9606.ensp00000261733,1180
9606.ensp00000363973,1181
9606.ensp00000280772,1182
9606.ensp00000346032,1183
9606.ensp00000377833,1184
9606.ensp00000216714,1185
9606.ensp00000236850,1186
9606.ensp00000252486,1187
9606.ensp00000356694,1188
9606.ensp00000311165,1189
9606.ensp00000379097,1190
9606.ensp00000271064,1191
9606.ensp00000340900,1192
9606.ensp00000217961,1193
9606.ensp00000444688,1194
9606.ensp00000440045,1195
9606.ensp00000345728,1196
9606.ensp00000242839,1197
9606.ensp00000301945,1198
9606.ensp00000362441,1199
9606.ensp00000270139,1200
9606.ensp00000351805,1201
9606.ensp00000274353,1202
9606.ensp00000368104,1203
9606.ensp00000245451,1204
9606.ensp00000287598,1205
9606.ensp00000305651,1206
9606.ensp00000263408,1207
9606.ensp00000331746,1208
9606.ensp00000291295,1209
9606.ensp00000260970,1210
9606.ensp00000341940,1211
9606.ensp00000264033,1212
9606.ensp00000381231,1213
9606.ensp00000220751,1214
9606.ensp00000371958,1215
9606.ensp00000252102,1216
9606.ensp00000303939,1217
9606.ensp00000261693,1218
9606.ensp00000268613,1219
9606.ensp00000427514,1220
9606.ensp00000317817,1221
9606.ensp00000299565,1222
9606.ensp00000315130,1223
9606.ensp00000483117,1224
9606.ensp00000297268,1225
9606.ensp00000369889,1226
9606.ensp00000360882,1227
9606.ensp00000332371,1228
9606.ensp00000349790,1229
9606.ensp00000359114,1230
9606.ensp00000363840,1231
9606.ensp00000262367,1232
9606.ensp00000276571,1233
9606.ensp00000381333,1234
9606.ensp00000255030,1235
9606.ensp00000433560,1236
9606.ensp00000296871,1237
9606.ensp00000225474,1238
9606.ensp00000381448,1239
9606.ensp00000291568,1240
9606.ensp00000327758,1241
9606.ensp00000345344,1242
9606.ensp00000367851,1243
9606.ensp00000268053,1244
9606.ensp00000358903,1245
9606.ensp00000216862,1246
9606.ensp00000228606,1247
9606.ensp00000386135,1248
9606.ensp00000389140,1249
9606.ensp00000360025,1250
9606.ensp00000448665,1251
9606.ensp00000363071,1252
9606.ensp00000264380,1253
9606.ensp00000331791,1254
9606.ensp00000354923,1255
9606.ensp00000348965,1256
9606.ensp00000369129,1257
9606.ensp00000279488,1258
9606.ensp00000345719,1259
9606.ensp00000366416,1260
9606.ensp00000265171,1261
9606.ensp00000231887,1262
9606.ensp00000351807,1263
9606.ensp00000234590,1264
9606.ensp00000480004,1265
9606.ensp00000013807,1266
9606.ensp00000375809,1267
9606.ensp00000310520,1268
9606.ensp00000348089,1269
9606.ensp00000222329,1270
9606.ensp00000379658,1271
9606.ensp00000219368,1272
9606.ensp00000373952,1273
9606.ensp00000289081,1274
9606.ensp00000378058,1275
9606.ensp00000223528,1276
9606.ensp00000417480,1277
9606.ensp00000339004,1278
9606.ensp00000370256,1279
9606.ensp00000358866,1280
9606.ensp00000359506,1281
9606.ensp00000377284,1282
9606.ensp00000245919,1283
9606.ensp00000416606,1284
9606.ensp00000362690,1285
9606.ensp00000331358,1286
9606.ensp00000346671,1287
9606.ensp00000358674,1288
9606.ensp00000305692,1289
9606.ensp00000350928,1290
9606.ensp00000365437,1291
9606.ensp00000403536,1292
9606.ensp00000368632,1293
9606.ensp00000334458,1294
9606.ensp00000379895,1295
9606.ensp00000314508,1296
9606.ensp00000387662,1297
9606.ensp00000468500,1298
9606.ensp00000312673,1299
9606.ensp00000200691,1300
9606.ensp00000363134,1301
9606.ensp00000372295,1302
9606.ensp00000362464,1303
9606.ensp00000229416,1304
9606.ensp00000390436,1305
9606.ensp00000379258,1306
9606.ensp00000334051,1307
9606.ensp00000360141,1308
9606.ensp00000229264,1309
9606.ensp00000276414,1310
9606.ensp00000383382,1311
9606.ensp00000373477,1312
9606.ensp00000346103,1313
9606.ensp00000053867,1314
9606.ensp00000382791,1315
9606.ensp00000262895,1316
9606.ensp00000305839,1317
9606.ensp00000379818,1318
9606.ensp00000477455,1319
9606.ensp00000354896,1320
9606.ensp00000306138,1321
9606.ensp00000379110,1322
9606.ensp00000427279,1323
9606.ensp00000362924,1324
9606.ensp00000221130,1325
9606.ensp00000234420,1326
9606.ensp00000254810,1327
9606.ensp00000370023,1328
9606.ensp00000293330,1329
9606.ensp00000417404,1330
9606.ensp00000222390,1331
9606.ensp00000384620,1332
9606.ensp00000379873,1333
9606.ensp00000399168,1334
9606.ensp00000408146,1335
9606.ensp00000339398,1336
9606.ensp00000364080,1337
9606.ensp00000353099,1338
9606.ensp00000420914,1339
9606.ensp00000297185,1340
9606.ensp00000248553,1341
9606.ensp00000373620,1342
9606.ensp00000363689,1343
9606.ensp00000390265,1344
9606.ensp00000331897,1345
9606.ensp00000276927,1346
9606.ensp00000369554,1347
9606.ensp00000369581,1348
9606.ensp00000263339,1349
9606.ensp00000259206,1350
9606.ensp00000369293,1351
9606.ensp00000231449,1352
9606.ensp00000370698,1353
9606.ensp00000319635,1354
9606.ensp00000412237,1355
9606.ensp00000231228,1356
9606.ensp00000304915,1357
9606.ensp00000344192,1358
9606.ensp00000280357,1359
9606.ensp00000379975,1360
9606.ensp00000408526,1361
9606.ensp00000380432,1362
9606.ensp00000380948,1363
9606.ensp00000200181,1364
9606.ensp00000391676,1365
9606.ensp00000221486,1366
9606.ensp00000433109,1367
9606.ensp00000155840,1368
9606.ensp00000352035,1369
9606.ensp00000265023,1370
9606.ensp00000252242,1371
9606.ensp00000449404,1372
9606.ensp00000167586,1373
9606.ensp00000373487,1374
9606.ensp00000294728,1375
9606.ensp00000230538,1376
9606.ensp00000362108,1377
9606.ensp00000312652,1378
9606.ensp00000330393,1379
9606.ensp00000305653,1380
9606.ensp00000221421,1381
9606.ensp00000294954,1382
9606.ensp00000357283,1383
9606.ensp00000347684,1384
9606.ensp00000309757,1385
9606.ensp00000263816,1386
9606.ensp00000294304,1387
9606.ensp00000261978,1388
9606.ensp00000263735,1389
9606.ensp00000376445,1390
9606.ensp00000340820,1391
9606.ensp00000337088,1392
9606.ensp00000228280,1393
9606.ensp00000354901,1394
9606.ensp00000357643,1395
9606.ensp00000231790,1396
9606.ensp00000436786,1397
9606.ensp00000432943,1398
9606.ensp00000233146,1399
9606.ensp00000372170,1400
9606.ensp00000264668,1401
9606.ensp00000361170,1402
9606.ensp00000442795,1403
9606.ensp00000401399,1404
9606.ensp00000347507,1405
9606.ensp00000216181,1406
9606.ensp00000353452,1407
9606.ensp00000265433,1408
9606.ensp00000322450,1409
9606.ensp00000344666,1410
9606.ensp00000380252,1411
9606.ensp00000358525,1412
9606.ensp00000172229,1413
9606.ensp00000393275,1414
9606.ensp00000327251,1415
9606.ensp00000384364,1416
9606.ensp00000269228,1417
9606.ensp00000365663,1418
9606.ensp00000365651,1419
9606.ensp00000357669,1420
9606.ensp00000354652,1421
9606.ensp00000397297,1422
9606.ensp00000277120,1423
9606.ensp00000261523,1424
9606.ensp00000356899,1425
9606.ensp00000306561,1426
9606.ensp00000343819,1427
9606.ensp00000217386,1428
9606.ensp00000261313,1429
9606.ensp00000306100,1430
9606.ensp00000355865,1431
9606.ensp00000375921,1432
9606.ensp00000368458,1433
9606.ensp00000332116,1434
9606.ensp00000346508,1435
9606.ensp00000330382,1436
9606.ensp00000369134,1437
9606.ensp00000440185,1438
9606.ensp00000324248,1439
9606.ensp00000303511,1440
9606.ensp00000359991,1441
9606.ensp00000265723,1442
9606.ensp00000479488,1443
9606.ensp00000359019,1444
9606.ensp00000301908,1445
9606.ensp00000268058,1446
9606.ensp00000321271,1447
9606.ensp00000265849,1448
9606.ensp00000406046,1449
9606.ensp00000268124,1450
9606.ensp00000384092,1451
9606.ensp00000322304,1452
9606.ensp00000340494,1453
9606.ensp00000376475,1454
9606.ensp00000378217,1455
9606.ensp00000306124,1456
9606.ensp00000263431,1457
9606.ensp00000313420,1458
9606.ensp00000378974,1459
9606.ensp00000302150,1460
9606.ensp00000368752,1461
9606.ensp00000392423,1462
9606.ensp00000319730,1463
9606.ensp00000326366,1464
9606.ensp00000353198,1465
9606.ensp00000332353,1466
9606.ensp00000282091,1467
9606.ensp00000441765,1468
9606.ensp00000216200,1469
9606.ensp00000336701,1470
9606.ensp00000272645,1471
9606.ensp00000384273,1472
9606.ensp00000272190,1473
9606.ensp00000311816,1474
9606.ensp00000308895,1475
9606.ensp00000357709,1476
9606.ensp00000357801,1477
9606.ensp00000354721,1478
9606.ensp00000439585,1479
9606.ensp00000346534,1480
9606.ensp00000353292,1481
9606.ensp00000477908,1482
9606.ensp00000482259,1483
9606.ensp00000367832,1484
9606.ensp00000351671,1485
9606.ensp00000264932,1486
9606.ensp00000364649,1487
9606.ensp00000364699,1488
9606.ensp00000420939,1489
9606.ensp00000356832,1490
9606.ensp00000297261,1491
9606.ensp00000438468,1492
9606.ensp00000262352,1493
9606.ensp00000278379,1494
9606.ensp00000416293,1495
9606.ensp00000222248,1496
9606.ensp00000287766,1497
9606.ensp00000370669,1498
9606.ensp00000263980,1499
9606.ensp00000233202,1500
9606.ensp00000262461,1501
9606.ensp00000395654,1502
9606.ensp00000323074,1503
9606.ensp00000254976,1504
9606.ensp00000338345,1505
9606.ensp00000446252,1506
9606.ensp00000371554,1507
9606.ensp00000260197,1508
9606.ensp00000378517,1509
9606.ensp00000287641,1510
9606.ensp00000478059,1511
9606.ensp00000369325,1512
9606.ensp00000324856,1513
9606.ensp00000480050,1514
9606.ensp00000321106,1515
9606.ensp00000389414,1516
9606.ensp00000358404,1517
9606.ensp00000257566,1518
9606.ensp00000257555,1519
9606.ensp00000480291,1520
9606.ensp00000215838,1521
9606.ensp00000301522,1522
9606.ensp00000295400,1523
9606.ensp00000355330,1524
9606.ensp00000366307,1525
9606.ensp00000243347,1526
9606.ensp00000162749,1527
9606.ensp00000365435,1528
9606.ensp00000341838,1529
9606.ensp00000236918,1530
9606.ensp00000357516,1531
9606.ensp00000303452,1532
9606.ensp00000298552,1533
9606.ensp00000219476,1534
9606.ensp00000441235,1535
9606.ensp00000467141,1536
9606.ensp00000431885,1537
9606.ensp00000312029,1538
9606.ensp00000232607,1539
9606.ensp00000367203,1540
9606.ensp00000356213,1541
9606.ensp00000331327,1542
9606.ensp00000285021,1543
9606.ensp00000262887,1544
9606.ensp00000451974,1545
9606.ensp00000314649,1546
9606.ensp00000307411,1547
9606.ensp00000301067,1548
9606.ensp00000363492,1549
9606.ensp00000320485,1550
9606.ensp00000304822,1551
9606.ensp00000318176,1552
9606.ensp00000264917,1553
9606.ensp00000264731,1554
9606.ensp00000241261,1555
9606.ensp00000263925,1556
9606.ensp00000221132,1557
9606.ensp00000353582,1558
9606.ensp00000426809,1559
9606.ensp00000359612,1560
9606.ensp00000397261,1561
9606.ensp00000437550,1562
9606.ensp00000287295,1563
9606.ensp00000347088,1564
9606.ensp00000369442,1565
9606.ensp00000389814,1566
9606.ensp00000385142,1567
9606.ensp00000310721,1568
9606.ensp00000334382,1569
9606.ensp00000327459,1570
9606.ensp00000296777,1571
9606.ensp00000268712,1572
9606.ensp00000398837,1573
9606.ensp00000363193,1574
9606.ensp00000444433,1575
9606.ensp00000372313,1576
9606.ensp00000404854,1577
9606.ensp00000345008,1578
9606.ensp00000301244,1579
9606.ensp00000205143,1580
9606.ensp00000407509,1581
9606.ensp00000349547,1582
9606.ensp00000372023,1583
9606.ensp00000323511,1584
9606.ensp00000418770,1585
9606.ensp00000458663,1586
9606.ensp00000338185,1587
9606.ensp00000356224,1588
9606.ensp00000327214,1589
9606.ensp00000338272,1590
9606.ensp00000263377,1591
9606.ensp00000357348,1592
9606.ensp00000445675,1593
9606.ensp00000371517,1594
9606.ensp00000378402,1595
9606.ensp00000282030,1596
9606.ensp00000354778,1597
9606.ensp00000471477,1598
9606.ensp00000355593,1599
9606.ensp00000258080,1600
9606.ensp00000247470,1601
9606.ensp00000261024,1602
9606.ensp00000251810,1603
9606.ensp00000265643,1604
9606.ensp00000358918,1605
9606.ensp00000335074,1606
9606.ensp00000457230,1607
9606.ensp00000338774,1608
9606.ensp00000309117,1609
9606.ensp00000358894,1610
9606.ensp00000364008,1611
9606.ensp00000463069,1612
9606.ensp00000261647,1613
9606.ensp00000249806,1614
9606.ensp00000254250,1615
9606.ensp00000378307,1616
9606.ensp00000355893,1617
9606.ensp00000361060,1618
9606.ensp00000331106,1619
9606.ensp00000296266,1620
9606.ensp00000221485,1621
9606.ensp00000010299,1622
9606.ensp00000387694,1623
9606.ensp00000261537,1624
9606.ensp00000360822,1625
9606.ensp00000471894,1626
9606.ensp00000262189,1627
9606.ensp00000406191,1628
9606.ensp00000363068,1629
9606.ensp00000397402,1630
9606.ensp00000261584,1631
9606.ensp00000243344,1632
9606.ensp00000284995,1633
9606.ensp00000347672,1634
9606.ensp00000259008,1635
9606.ensp00000357069,1636
9606.ensp00000386200,1637
9606.ensp00000307297,1638
9606.ensp00000298910,1639
9606.ensp00000329093,1640
9606.ensp00000412940,1641
9606.ensp00000285071,1642
9606.ensp00000327487,1643
9606.ensp00000307342,1644
9606.ensp00000289473,1645
9606.ensp00000292301,1646
9606.ensp00000385478,1647
9606.ensp00000347379,1648